vehicle_id,plate,type,status
1,UDA-4332,Car,Active
2,VXR-1960,Truck,Active
3,GHQ-9083,Car,Totaled
4,WRN-3794,Truck,Active
5,WNK-4235,Truck,Active
6,MDL-5940,Car,Active
7,RDM-1849,Van,Sold
8,GWC-0341,Truck,Active
9,MIO-5255,Truck,Totaled
10,IWV-1928,Car,Active
11,FOM-4835,Truck,Active
12,BZK-6413,Car,Totaled
13,KGU-7672,Van,Active
14,HXR-8496,Car,Active
15,LHE-8710,Truck,Active
16,UFZ-6916,Van,Sold
17,OQI-8018,Van,Totaled
18,KDJ-6270,Car,Totaled
19,IQY-2814,Car,Sold
20,TGE-5288,Truck,Sold
21,KPA-1543,Truck,Active
22,SCC-7182,Truck,Totaled
23,PRF-4896,Truck,Sold
24,YXW-3465,Van,Sold
25,ODH-3150,Car,Sold
26,HSH-0103,Truck,Active
27,KCQ-3473,Car,Active
28,XSS-7376,Truck,Active
29,DVN-5667,Car,Active
30,VUU-1065,Truck,Active
31,GGR-7262,Van,Active
32,HCO-8108,Truck,Active
33,YHF-6773,Van,Active
34,FMA-6474,Van,Totaled
35,XZR-7234,Truck,Active
36,SXR-0500,Car,Active
37,QQF-0812,Truck,Sold
38,CVH-6193,Car,Sold
39,BTC-6998,Van,Active
40,GVW-5346,Truck,Totaled
41,UJO-5107,Car,Sold
42,DCR-3842,Van,Active
43,HLJ-2784,Car,Totaled
44,QAV-8412,Van,Active
45,DXR-2449,Truck,Totaled
46,KGV-4874,Truck,Active
47,UNI-0052,Car,Active
48,FXO-8680,Truck,Active
49,WER-0598,Truck,Active
50,EBJ-5053,Car,Active
51,VDL-8692,Truck,Active
52,ZZF-6025,Van,Totaled
53,XZH-4216,Truck,Active
54,HGO-5433,Truck,Totaled
55,GMK-4145,Car,Sold
56,MVR-5014,Truck,Sold
57,IBD-9655,Van,Sold
58,QDM-9340,Car,Active
59,AQZ-8356,Truck,Totaled
60,KTK-1484,Car,Active
61,KMW-4823,Van,Totaled
62,MVX-2994,Van,Sold
63,AJJ-3699,Car,Active
64,OOO-3872,Car,Active
65,JQV-9513,Car,Active
66,HZG-2003,Van,Sold
67,YCO-6936,Van,Active
68,HEU-0163,Truck,Totaled
69,QOB-8317,Truck,Active
70,VQR-9579,Car,Sold
71,NRO-2774,Truck,Totaled
72,IYY-8734,Van,Active
73,WJH-4558,Truck,Active
74,EHM-2316,Van,Active
75,RON-0366,Car,Totaled
76,AYS-6705,Van,Active
77,NRX-8937,Truck,Active
78,NPA-6562,Van,Active
79,TRA-6990,Truck,Totaled
80,NEO-2046,Van,Active
81,OKK-6464,Truck,Active
82,AXR-0531,Car,Active
83,YAH-3092,Truck,Active
84,PVD-9374,Van,Active
85,TTX-1241,Car,Active
86,JSV-6631,Car,Totaled
87,UHD-4919,Truck,Active
88,RNV-5185,Truck,Active
89,PDN-5726,Truck,Totaled
90,QUI-9877,Van,Totaled
91,SIK-3147,Truck,Active
92,STV-6507,Van,Active
93,PGL-4549,Car,Active
94,RAQ-3136,Van,Sold
95,YHW-7770,Truck,Active
96,HMW-3495,Van,Sold
97,QLN-8557,Van,Active
98,IHD-3518,Car,Active
99,GGX-7498,Car,Active
100,DGJ-3524,Truck,Totaled
101,REI-0084,Car,Active
102,UYP-1094,Van,Active
103,OKF-0471,Truck,Active
104,PCS-0229,Van,Active
105,HDR-6999,Truck,Sold
106,MOO-4964,Car,Sold
107,BTX-1334,Car,Active
108,FHF-8120,Van,Active
109,WTP-4034,Car,Active
110,WOC-3493,Van,Active
111,RHU-2421,Truck,Active
112,ZJT-9471,Van,Totaled
113,JWM-4887,Van,Active
114,TBN-5940,Truck,Active
115,VSS-0490,Truck,Active
116,QUO-4296,Car,Active
117,CPL-6551,Truck,Active
118,NWP-4680,Van,Active
119,KIK-1680,Car,Sold
120,ONB-3859,Van,Totaled
121,OYB-3482,Van,Active
122,WPD-0932,Van,Sold
123,ARN-1317,Truck,Totaled
124,EPW-4846,Van,Active
125,HOR-2639,Car,Totaled
126,ECI-6584,Truck,Active
127,XJS-9727,Car,Active
128,LKR-8675,Truck,Totaled
129,HSM-3605,Car,Active
130,WZM-6270,Truck,Sold
131,SKD-7187,Truck,Totaled
132,ENU-2174,Van,Sold
133,WMU-1586,Van,Totaled
134,WYP-8091,Truck,Totaled
135,VJH-1611,Van,Active
136,WJA-0504,Van,Active
137,NEH-8692,Truck,Active
138,CTM-9379,Truck,Active
139,OUI-7407,Van,Totaled
140,RFC-7594,Car,Active
141,WIO-4367,Truck,Active
142,MSL-9440,Car,Active
143,IAS-0974,Truck,Sold
144,ZLH-3942,Car,Active
145,UUB-4709,Van,Totaled
146,ECJ-5623,Truck,Sold
147,LQQ-4247,Van,Totaled
148,KZD-7123,Car,Totaled
149,VMZ-8516,Truck,Active
150,RDO-5496,Car,Active
151,DVH-7098,Van,Sold
152,HUC-7461,Truck,Active
153,BJP-1138,Truck,Active
154,OLV-8692,Van,Totaled
155,DPT-6405,Truck,Active
156,OHL-1585,Truck,Active
157,IGD-7139,Truck,Active
158,ZKH-2931,Car,Active
159,SGH-5290,Van,Active
160,ERI-2102,Truck,Active
161,ZZH-9502,Van,Active
162,EXN-8117,Van,Active
163,QSD-7839,Truck,Totaled
164,ZVQ-4700,Van,Active
165,NVD-7711,Van,Sold
166,ECE-4998,Car,Active
167,MTQ-4789,Van,Active
168,ZWD-8367,Truck,Active
169,KOM-6156,Van,Totaled
170,ILE-7111,Truck,Active
171,DXX-5280,Car,Sold
172,RKV-1656,Car,Active
173,JTJ-5198,Truck,Active
174,VPH-1585,Truck,Active
175,SHZ-6899,Car,Totaled
176,RAT-4024,Car,Active
177,KLA-2296,Truck,Active
178,XUA-1836,Van,Active
179,KFL-4599,Truck,Active
180,EFY-9014,Van,Totaled
181,NPT-7643,Car,Active
182,LND-4978,Car,Active
183,BHM-9003,Van,Active
184,YEY-4451,Truck,Active
185,XNF-2683,Car,Sold
186,VZL-1606,Truck,Active
187,CKS-6966,Van,Active
188,MAK-2975,Truck,Active
189,DHN-9681,Van,Active
190,XKH-5218,Car,Active
191,QQG-5523,Truck,Active
192,IGF-9212,Car,Active
193,OYS-9799,Van,Totaled
194,KEO-1774,Van,Sold
195,BLQ-1477,Truck,Active
196,LJC-1998,Van,Active
197,SRZ-0793,Van,Sold
198,PQE-0715,Car,Active
199,QUF-0377,Car,Sold
200,TFL-5466,Van,Totaled
201,TBZ-5151,Car,Totaled
202,MJI-9251,Car,Totaled
203,ELJ-6291,Van,Sold
204,MUZ-5281,Car,Totaled
205,NQL-0542,Truck,Active
206,YPG-3221,Van,Active
207,QYR-8059,Truck,Sold
208,MEF-2927,Truck,Active
209,LVX-3794,Car,Active
210,HRH-4735,Car,Sold
211,OOY-4688,Van,Active
212,GZT-2407,Van,Sold
213,DWQ-1412,Van,Active
214,QEN-1375,Truck,Active
215,BMQ-5361,Van,Active
216,AKD-5220,Van,Active
217,WEY-7790,Truck,Active
218,IGE-8986,Truck,Active
219,HJD-0369,Van,Active
220,DPT-8089,Truck,Totaled
221,EJN-0953,Car,Active
222,FVV-1851,Car,Sold
223,QZQ-8067,Truck,Totaled
224,MLI-0515,Truck,Totaled
225,VUD-9520,Van,Sold
226,KUF-7722,Truck,Totaled
227,YOB-4303,Truck,Active
228,JQM-8740,Car,Active
229,JLY-0541,Van,Active
230,MXO-6527,Car,Active
231,LZQ-4161,Van,Sold
232,FRJ-5115,Car,Active
233,JOT-6275,Van,Active
234,XLT-6401,Car,Totaled
235,MLQ-2029,Car,Active
236,BEC-3556,Car,Active
237,TEV-7557,Truck,Sold
238,EQL-6543,Truck,Active
239,XFP-8681,Van,Active
240,WOG-9473,Truck,Active
241,COF-7155,Car,Active
242,RRJ-4225,Car,Active
243,DGZ-2370,Van,Sold
244,SLO-8291,Truck,Active
245,MWX-7866,Car,Active
246,EKU-1778,Van,Active
247,YRU-9226,Car,Active
248,DQE-4225,Car,Active
249,LQJ-1438,Van,Active
250,UJT-8182,Car,Sold
251,EFV-9959,Truck,Active
252,CBU-9439,Van,Sold
253,UAP-8447,Truck,Totaled
254,MJO-1027,Van,Active
255,OGK-9255,Car,Active
256,MEY-5881,Van,Active
257,ODI-7321,Truck,Active
258,MTN-3259,Car,Active
259,GYF-7877,Van,Active
260,ACM-8733,Car,Active
261,BBJ-7974,Car,Active
262,DNE-4565,Truck,Active
263,BSR-3584,Truck,Active
264,QOY-8499,Truck,Active
265,DML-5852,Truck,Sold
266,QMQ-0002,Car,Active
267,ZPQ-7298,Truck,Active
268,TKF-6949,Van,Sold
269,QRP-9470,Van,Active
270,VDN-9409,Van,Active
271,UZY-9930,Car,Active
272,FQU-9623,Truck,Sold
273,WDG-0756,Truck,Active
274,WGN-8970,Car,Active
275,QGR-5786,Van,Active
276,ORK-8549,Van,Active
277,HIR-4344,Car,Active
278,WWP-5758,Car,Active
279,JDS-8665,Truck,Active
280,BJW-1574,Car,Active
281,GGR-4842,Truck,Sold
282,XSH-3083,Car,Active
283,BDN-5712,Truck,Sold
284,FNU-7734,Van,Active
285,UBY-1938,Car,Totaled
286,BFN-2067,Truck,Totaled
287,JBA-4991,Van,Active
288,OUR-8728,Van,Active
289,GZD-5274,Car,Active
290,AXK-4932,Car,Totaled
291,MNQ-5161,Truck,Active
292,PKH-0463,Van,Active
293,KJS-9045,Car,Active
294,BVD-7426,Car,Sold
295,WYJ-1459,Truck,Active
296,EPE-7956,Car,Sold
297,PYR-3391,Car,Active
298,QWL-1910,Car,Sold
299,GSR-2258,Van,Active
300,VGW-9718,Van,Active
301,OEQ-6790,Car,Active
302,VZJ-0640,Car,Active
303,SCB-6518,Truck,Active
304,PBJ-6226,Van,Active
305,OMM-1825,Truck,Active
306,RMQ-2300,Van,Active
307,VXR-6863,Truck,Active
308,LEI-3106,Car,Active
309,HGC-1907,Car,Totaled
310,WBH-0673,Car,Active
311,YYB-2843,Car,Sold
312,KST-5342,Car,Sold
313,HNJ-4089,Car,Active
314,UVN-8705,Car,Totaled
315,MZQ-5662,Van,Active
316,FYR-7334,Car,Active
317,ZOB-8668,Car,Active
318,MHI-3517,Van,Active
319,RXG-0469,Car,Active
320,CGZ-9837,Truck,Active
321,JAG-3173,Car,Sold
322,WGM-3854,Van,Active
323,RUL-4458,Van,Active
324,DZX-7535,Van,Active
325,BSH-2048,Car,Sold
326,XNJ-2353,Van,Sold
327,HPR-5477,Van,Active
328,XZL-2287,Truck,Sold
329,UBQ-0100,Van,Active
330,UHC-2038,Van,Active
331,BTU-9770,Truck,Sold
332,RNA-0848,Van,Active
333,QWV-6211,Car,Active
334,HGT-8454,Van,Active
335,LMO-9334,Car,Active
336,UUY-0166,Van,Sold
337,PBU-0217,Van,Totaled
338,ZKS-1803,Truck,Totaled
339,SPI-0148,Car,Totaled
340,BFK-0392,Car,Active
341,CJF-9396,Car,Sold
342,KMY-2185,Truck,Active
343,NHC-5999,Van,Active
344,AUI-7735,Car,Active
345,NFV-9619,Van,Active
346,WCC-4262,Car,Active
347,KLD-1047,Van,Active
348,DEC-2678,Car,Sold
349,NDA-1581,Car,Sold
350,ZKM-0466,Truck,Totaled
351,RHS-8262,Truck,Active
352,JIP-2126,Van,Active
353,JPZ-1543,Car,Totaled
354,PTT-3712,Van,Active
355,MKT-6575,Van,Totaled
356,TEJ-5937,Van,Active
357,MKJ-7935,Van,Active
358,ZML-1939,Car,Active
359,VYR-0737,Van,Totaled
360,CZZ-6724,Truck,Active
361,VEW-6617,Car,Active
362,SMR-8680,Van,Totaled
363,ZRT-1135,Truck,Totaled
364,TBS-6561,Truck,Active
365,IHQ-8899,Truck,Active
366,LMO-9825,Truck,Active
367,DJN-1125,Van,Active
368,OZG-8757,Truck,Active
369,XWO-5140,Car,Active
370,AKU-1238,Truck,Sold
371,FKR-6736,Car,Active
372,FUV-6609,Truck,Active
373,SNM-0334,Car,Active
374,SDZ-8255,Truck,Active
375,DIV-7859,Van,Sold
376,MSD-5579,Truck,Totaled
377,WZJ-9912,Van,Active
378,HJD-2528,Van,Active
379,TES-6627,Car,Sold
380,WUF-8274,Truck,Active
381,KOT-0507,Truck,Active
382,MRQ-7676,Car,Active
383,PFC-9034,Truck,Active
384,HRJ-2797,Car,Sold
385,DSD-4858,Truck,Totaled
386,ORG-6134,Truck,Active
387,ILC-7133,Car,Sold
388,WLW-9629,Truck,Active
389,GZB-9584,Car,Sold
390,FKW-4494,Car,Totaled
391,DEY-6042,Car,Active
392,HEW-5367,Truck,Sold
393,UIU-6671,Car,Active
394,MQX-4577,Van,Sold
395,AYX-1751,Car,Active
396,GNG-7454,Van,Sold
397,SES-7500,Truck,Totaled
398,ZOA-1277,Truck,Active
399,GWE-4241,Car,Active
400,ICL-2064,Car,Totaled
401,YHN-1103,Van,Active
402,ESH-8700,Car,Active
403,DNW-2713,Van,Active
404,XZD-1554,Truck,Active
405,YYE-2189,Truck,Sold
406,UFO-5326,Car,Totaled
407,OGC-1219,Car,Active
408,LNK-2341,Truck,Sold
409,TTX-9404,Truck,Sold
410,TQG-6403,Van,Active
411,DHP-9180,Van,Active
412,EMS-6582,Van,Active
413,ASC-0430,Truck,Active
414,QJU-8666,Truck,Totaled
415,RRT-2414,Truck,Sold
416,GZE-8569,Car,Totaled
417,VUC-4630,Truck,Active
418,NDO-9904,Car,Totaled
419,VXF-1020,Truck,Active
420,LQQ-4252,Car,Active
421,XDY-0564,Car,Active
422,IWS-1778,Van,Active
423,PSF-5241,Car,Totaled
424,XDH-8000,Truck,Active
425,PLM-2208,Car,Totaled
426,UNH-5365,Van,Active
427,SLD-8023,Car,Active
428,MCO-4451,Car,Active
429,ALG-4949,Truck,Active
430,LSP-3832,Truck,Active
431,AHR-5050,Car,Active
432,XXJ-1383,Van,Active
433,BEW-4103,Car,Active
434,WLO-1918,Truck,Totaled
435,MCS-9062,Truck,Active
436,IKZ-6557,Van,Active
437,CGE-9121,Truck,Active
438,OKN-1853,Van,Active
439,OID-1249,Truck,Active
440,KEC-3568,Truck,Totaled
441,JIF-0678,Car,Sold
442,HDO-1210,Truck,Active
443,EGM-5199,Van,Active
444,ACG-7215,Truck,Active
445,OBF-9667,Truck,Active
446,VNF-5324,Van,Active
447,EBT-9934,Van,Active
448,RPB-1462,Van,Active
449,UZQ-3806,Car,Active
450,PRZ-7598,Van,Active
451,IFA-5930,Van,Active
452,ZPQ-5932,Truck,Active
453,VHI-8039,Van,Active
454,FFH-9559,Truck,Totaled
455,WLS-9293,Van,Sold
456,JFP-0103,Car,Active
457,AQP-0593,Truck,Active
458,WFZ-5002,Car,Totaled
459,EYD-8515,Car,Totaled
460,MSD-5452,Truck,Totaled
461,NZU-7528,Car,Sold
462,ZLH-9264,Car,Totaled
463,JEF-0969,Truck,Active
464,TKZ-9391,Van,Active
465,KXC-3552,Car,Active
466,WVU-5704,Truck,Active
467,WCL-4100,Van,Active
468,XNF-6765,Car,Active
469,DPZ-9327,Truck,Active
470,JAK-4115,Truck,Active
471,FXC-8159,Car,Active
472,WAN-2962,Truck,Active
473,KGG-6884,Car,Active
474,JHD-0698,Van,Active
475,BLA-6149,Van,Active
476,DAG-2417,Truck,Active
477,ZMP-7418,Van,Active
478,LML-2704,Van,Active
479,IHI-9021,Truck,Totaled
480,LZR-6938,Truck,Active
481,QNR-7937,Van,Active
482,MWB-8989,Car,Sold
483,EDY-7223,Truck,Active
484,BNC-6329,Van,Active
485,XZC-1686,Car,Active
486,IQO-0998,Van,Active
487,NEE-9991,Truck,Sold
488,YDZ-4856,Van,Active
489,UPS-9702,Van,Active
490,ETT-6065,Car,Active
491,BXP-4505,Van,Active
492,IPW-1324,Car,Active
493,YKI-6913,Van,Active
494,NXP-8508,Truck,Active
495,JWQ-6289,Truck,Active
496,GGB-3070,Van,Totaled
497,GIL-7861,Car,Active
498,HLP-9727,Car,Sold
499,LLF-4140,Van,Active
500,FSY-3333,Van,Totaled
501,NQA-0722,Car,Active
502,HIT-4466,Van,Active
503,IGO-4896,Car,Active
504,AQV-5899,Van,Active
505,VDP-1545,Van,Active
506,UWU-4328,Truck,Active
507,ZZZ-9652,Car,Active
508,UPJ-4666,Car,Active
509,SWS-3538,Car,Active
510,VLQ-4282,Van,Active
511,PEX-4825,Car,Active
512,HLH-4655,Van,Sold
513,JOD-7099,Car,Active
514,PGQ-1684,Van,Active
515,EEG-5697,Truck,Active
516,WFY-1752,Van,Totaled
517,BAO-4329,Truck,Active
518,ZYY-1296,Car,Active
519,MNP-6008,Truck,Totaled
520,LAK-8300,Car,Totaled
521,HHW-5421,Van,Sold
522,SJF-1044,Van,Totaled
523,QTQ-5625,Van,Active
524,YGF-6033,Car,Active
525,GXA-9821,Van,Totaled
526,UZB-6489,Truck,Sold
527,BVD-0016,Van,Active
528,DRI-7230,Van,Active
529,VDV-8499,Car,Active
530,NDQ-9141,Truck,Active
531,GTG-4835,Car,Active
532,JFB-8737,Van,Active
533,AAV-1197,Truck,Active
534,YQC-1437,Van,Active
535,OBD-2045,Car,Active
536,NXD-1002,Car,Totaled
537,FKL-7941,Van,Active
538,FDM-6746,Car,Active
539,ZNU-2120,Truck,Active
540,NSP-9729,Van,Active
541,TAV-2771,Van,Active
542,BCI-5089,Car,Sold
543,HVK-8891,Van,Totaled
544,XHP-5628,Car,Active
545,AUF-8772,Truck,Active
546,KHK-4083,Car,Totaled
547,MMH-1779,Van,Active
548,POK-1701,Van,Active
549,BRR-0199,Car,Active
550,QRG-7550,Truck,Active
551,KRY-9975,Car,Active
552,DDY-3055,Car,Active
553,RQL-1027,Truck,Totaled
554,XXN-1493,Truck,Active
555,MGO-3516,Truck,Totaled
556,VSD-7798,Truck,Active
557,AQX-0869,Van,Sold
558,YFW-9221,Van,Totaled
559,TTK-8669,Car,Active
560,IMK-4722,Van,Sold
561,WXQ-4858,Car,Active
562,GGT-4522,Car,Sold
563,WUK-1587,Car,Sold
564,VWN-8460,Car,Active
565,AME-0034,Truck,Active
566,VIE-0438,Truck,Active
567,ODT-8386,Truck,Sold
568,ZZZ-4066,Van,Totaled
569,KRB-0439,Van,Active
570,UWW-5989,Truck,Totaled
571,GJO-2122,Car,Sold
572,DMB-6484,Truck,Active
573,SIA-5720,Truck,Active
574,TBY-9479,Car,Active
575,CZW-5832,Car,Active
576,ZQF-6886,Truck,Active
577,HGV-5554,Truck,Sold
578,QPR-0157,Truck,Totaled
579,TTH-0561,Van,Active
580,RXJ-0858,Car,Active
581,PBJ-3581,Truck,Active
582,YRR-0133,Car,Active
583,DGR-6120,Van,Totaled
584,KBC-1024,Car,Active
585,SHI-6676,Van,Active
586,AMV-1809,Truck,Totaled
587,SBW-1581,Van,Totaled
588,JTC-4766,Car,Active
589,PFR-3268,Van,Totaled
590,EJV-5088,Truck,Active
591,BAS-9688,Truck,Active
592,GXX-5368,Truck,Active
593,FHT-4312,Car,Sold
594,BYR-7814,Car,Active
595,IDG-9755,Truck,Totaled
596,UHD-4913,Van,Active
597,OKT-4929,Car,Active
598,ZKN-2053,Truck,Totaled
599,XUN-4525,Van,Active
600,OLY-4781,Truck,Totaled
601,TCI-2834,Car,Totaled
602,CXC-0809,Car,Active
603,YSG-0848,Car,Active
604,UYE-5639,Car,Active
605,EOQ-8165,Car,Active
606,VHZ-9282,Van,Active
607,FSS-2750,Truck,Active
608,HCI-5303,Car,Active
609,MPO-0051,Car,Sold
610,UIX-4989,Truck,Active
611,UML-9184,Van,Active
612,QML-5779,Truck,Sold
613,EOF-3184,Truck,Active
614,FFL-9136,Van,Totaled
615,DPV-7739,Truck,Totaled
616,NAH-0299,Truck,Active
617,UQB-9202,Van,Active
618,QMT-9041,Truck,Active
619,TPP-2369,Truck,Sold
620,YFT-8425,Van,Sold
621,SCH-6621,Truck,Active
622,QQV-6291,Truck,Active
623,TTB-8811,Van,Totaled
624,ETR-0686,Van,Active
625,WQN-3765,Car,Totaled
626,YWS-1624,Van,Active
627,CJT-8643,Truck,Totaled
628,XZA-9818,Truck,Active
629,UGW-5651,Truck,Active
630,USI-4869,Van,Sold
631,IVM-3688,Van,Active
632,LRR-7449,Van,Totaled
633,MXE-1372,Truck,Active
634,QMZ-5890,Truck,Active
635,UAZ-1279,Van,Active
636,CIH-5190,Car,Active
637,MTU-8490,Truck,Totaled
638,POA-3843,Truck,Sold
639,QQW-3920,Van,Active
640,UAF-1465,Car,Active
641,MSG-8011,Car,Active
642,XRS-5543,Car,Active
643,OMS-0426,Car,Active
644,RCQ-4518,Van,Sold
645,ZSI-7697,Truck,Active
646,YOV-7907,Truck,Active
647,CMU-3356,Van,Sold
648,RAW-4341,Van,Totaled
649,XKC-8275,Van,Active
650,SIF-3733,Car,Active
651,IGH-3395,Truck,Active
652,DCV-7908,Truck,Active
653,LTK-7947,Truck,Sold
654,IMH-9208,Van,Active
655,RBQ-5627,Truck,Totaled
656,QOK-0036,Car,Active
657,KLT-4284,Truck,Active
658,PTK-5276,Truck,Active
659,WYL-5647,Truck,Sold
660,ESV-3143,Car,Active
661,MGE-2702,Van,Active
662,EUQ-8574,Van,Sold
663,SBM-1203,Van,Active
664,UDO-5455,Car,Sold
665,ZIL-0615,Car,Sold
666,GSS-8245,Van,Totaled
667,QPY-7169,Van,Active
668,UEF-5699,Van,Active
669,CFK-3554,Car,Active
670,TUM-4759,Car,Active
671,NFF-0234,Car,Totaled
672,XCG-2611,Truck,Active
673,RBA-6811,Van,Sold
674,ECU-6433,Car,Active
675,OUE-2820,Truck,Totaled
676,LKP-7848,Van,Active
677,WRF-9979,Van,Sold
678,UUR-4578,Truck,Active
679,OJL-6424,Truck,Active
680,QYE-5478,Truck,Totaled
681,PYP-4064,Car,Active
682,ZAR-5368,Van,Active
683,HFW-6634,Truck,Active
684,UHQ-9448,Van,Active
685,GCF-2417,Car,Active
686,IWT-7350,Truck,Active
687,RAF-1442,Car,Active
688,XAH-1207,Truck,Active
689,NJZ-7570,Van,Active
690,YEB-4618,Van,Active
691,GIM-0136,Van,Active
692,XBG-7183,Van,Active
693,VJK-2088,Truck,Active
694,PUJ-3503,Truck,Active
695,UNK-0249,Truck,Active
696,ZHA-0979,Truck,Active
697,YCH-2719,Van,Totaled
698,BBL-2812,Van,Active
699,KRZ-5730,Car,Active
700,LXE-4077,Car,Active
701,RWP-3928,Van,Active
702,XOI-9821,Car,Active
703,OJI-8570,Car,Sold
704,MXF-0959,Truck,Active
705,XCV-8638,Car,Active
706,YRE-9456,Car,Active
707,DDQ-1022,Truck,Active
708,DPG-1096,Car,Active
709,QTW-9405,Truck,Sold
710,WCA-3717,Car,Active
711,LRX-6509,Van,Sold
712,BXC-4138,Truck,Active
713,XHR-6338,Car,Active
714,SUF-8861,Car,Sold
715,LVO-6122,Car,Active
716,QKV-2897,Van,Active
717,RKL-6659,Truck,Sold
718,RGM-8457,Van,Active
719,AXB-4908,Truck,Active
720,AJH-3504,Car,Sold
721,RSS-2107,Van,Active
722,EIL-9334,Van,Active
723,SMS-3157,Truck,Active
724,WWS-1940,Car,Sold
725,MCY-0556,Van,Active
726,YHX-9060,Van,Sold
727,BKR-9258,Car,Active
728,EBV-6799,Car,Active
729,HNJ-6225,Truck,Active
730,SXB-8641,Van,Sold
731,NYW-2278,Truck,Active
732,MUS-3898,Truck,Active
733,CIY-6591,Truck,Totaled
734,NNL-5355,Car,Totaled
735,AYJ-2597,Car,Active
736,OBH-3521,Truck,Totaled
737,BHT-2405,Car,Active
738,JOP-0538,Truck,Active
739,RQY-4879,Car,Active
740,WWV-0698,Truck,Active
741,FBJ-3940,Van,Totaled
742,ACM-4510,Van,Totaled
743,MHM-8157,Car,Sold
744,CFG-8780,Truck,Active
745,QJK-7620,Van,Totaled
746,LLU-4384,Truck,Totaled
747,IMA-8432,Van,Active
748,VEC-6893,Van,Active
749,SEN-4957,Car,Active
750,GUE-9832,Van,Totaled
751,WQE-6292,Van,Active
752,RRX-1252,Car,Active
753,YKN-6474,Truck,Active
754,DEF-0994,Car,Sold
755,THT-3305,Truck,Totaled
756,YPE-8975,Truck,Active
757,PPE-2330,Van,Active
758,INH-3312,Van,Sold
759,PWK-7366,Truck,Sold
760,XMX-5699,Car,Sold
761,QUW-0817,Van,Active
762,HQR-6086,Car,Totaled
763,BGJ-7644,Van,Active
764,NJT-0827,Car,Active
765,CXQ-1298,Truck,Active
766,NKO-0279,Car,Active
767,OCI-5211,Truck,Totaled
768,OUL-1868,Car,Active
769,MRM-0259,Car,Active
770,FEF-0644,Car,Active
771,JUF-1230,Car,Active
772,AOP-7809,Van,Active
773,GSV-7767,Truck,Sold
774,TAH-8498,Truck,Active
775,FEB-5020,Car,Sold
776,TJK-1016,Truck,Active
777,VJT-9982,Van,Totaled
778,SLB-1455,Van,Active
779,YNR-1472,Truck,Totaled
780,IKQ-6833,Car,Active
781,DSX-8179,Car,Active
782,NTK-4899,Van,Active
783,TSP-8772,Car,Active
784,WJG-0107,Car,Active
785,XGZ-9660,Van,Active
786,RZU-3034,Van,Active
787,JJQ-8501,Car,Active
788,KMX-9902,Truck,Active
789,KVP-7027,Truck,Totaled
790,ORK-7608,Van,Sold
791,XVK-8803,Car,Totaled
792,KZZ-5124,Truck,Active
793,MUR-2996,Truck,Sold
794,DZY-4504,Van,Active
795,PHL-7438,Van,Active
796,DLZ-0317,Car,Active
797,ZPQ-2357,Car,Sold
798,JYK-2182,Truck,Totaled
799,BOM-8104,Truck,Totaled
800,TCK-7018,Car,Totaled
801,JAS-4353,Truck,Active
802,IRK-7142,Truck,Active
803,DAT-8813,Car,Active
804,RKI-2493,Truck,Active
805,JTK-8702,Truck,Active
806,VBD-6016,Van,Active
807,WTS-7954,Van,Active
808,WYV-8179,Truck,Active
809,ZWO-1747,Van,Active
810,HET-4562,Car,Totaled
811,KZK-7701,Van,Active
812,LPO-2459,Car,Active
813,QDM-1581,Van,Sold
814,OMS-6393,Car,Active
815,PMC-5396,Van,Sold
816,ZKR-3219,Van,Active
817,STO-5817,Truck,Active
818,MCT-1965,Van,Totaled
819,VBC-3290,Truck,Totaled
820,EOR-4699,Van,Active
821,GVK-4946,Car,Active
822,CSA-9862,Van,Active
823,LRB-0851,Van,Active
824,HNW-9656,Van,Active
825,NRG-2723,Car,Active
826,LNE-4220,Truck,Totaled
827,AEX-7621,Truck,Totaled
828,ZNO-9692,Van,Sold
829,NRO-6532,Van,Sold
830,ASP-3846,Car,Sold
831,LBB-9751,Car,Active
832,WCE-8478,Truck,Sold
833,TCH-7189,Van,Sold
834,BKR-0778,Van,Sold
835,XKN-5442,Truck,Totaled
836,TXJ-9407,Car,Active
837,SBV-4904,Van,Active
838,EQC-4429,Van,Active
839,IAX-1929,Car,Active
840,VOL-2437,Truck,Sold
841,BKC-2927,Van,Active
842,HVO-2395,Truck,Totaled
843,IYD-0276,Van,Active
844,PXY-8366,Van,Active
845,EQN-0476,Car,Active
846,QVB-1856,Car,Totaled
847,IKI-4149,Van,Active
848,YVX-3938,Van,Totaled
849,WFK-8001,Truck,Active
850,DQD-7534,Van,Active
851,BAT-1093,Car,Totaled
852,DWD-1926,Car,Totaled
853,SZF-1244,Van,Totaled
854,CUO-4654,Truck,Active
855,IYB-6650,Van,Active
856,FOC-7396,Truck,Totaled
857,PDE-8639,Car,Active
858,OWI-1011,Car,Totaled
859,IYO-0720,Truck,Totaled
860,MIE-5690,Car,Totaled
861,YPP-6618,Truck,Active
862,MWY-7198,Van,Active
863,VJM-0158,Van,Active
864,OYY-4328,Truck,Active
865,VGJ-6157,Truck,Totaled
866,OXG-2030,Car,Sold
867,HPM-1847,Car,Active
868,ABK-0506,Truck,Active
869,ZUV-8782,Car,Sold
870,HCB-2707,Car,Active
871,HWU-2020,Van,Active
872,OTF-9111,Van,Sold
873,ZTH-1365,Car,Totaled
874,MKD-9825,Truck,Active
875,SFK-1142,Van,Active
876,WLR-2739,Truck,Active
877,DZU-9620,Van,Active
878,AAF-1946,Car,Active
879,WEG-2487,Van,Active
880,FTW-0927,Car,Active
881,UZJ-5608,Truck,Active
882,DQD-9588,Truck,Active
883,YUV-3403,Truck,Active
884,VPP-2200,Car,Active
885,JGN-4597,Truck,Active
886,XBR-2207,Car,Active
887,CHX-7995,Van,Active
888,XVK-3153,Truck,Active
889,XNG-6317,Car,Active
890,BNE-3972,Van,Active
891,EOX-3543,Van,Active
892,BWS-0421,Van,Active
893,NFY-5349,Truck,Totaled
894,TFS-8316,Car,Active
895,GSP-7406,Car,Active
896,HKN-9392,Car,Active
897,NBB-7806,Car,Active
898,PZZ-1773,Truck,Sold
899,YAW-6325,Van,Active
900,UCA-7427,Car,Totaled
901,SAO-7262,Van,Totaled
902,OWU-0165,Car,Active
903,JNY-4989,Truck,Totaled
904,CTK-0850,Truck,Active
905,LOT-0552,Car,Sold
906,WCR-3253,Car,Active
907,UPX-9335,Van,Active
908,QVN-4015,Van,Active
909,PQQ-1788,Van,Active
910,TLZ-1371,Truck,Active
911,FJC-1241,Car,Active
912,PEG-8046,Car,Sold
913,EPL-6704,Truck,Active
914,AZH-8569,Van,Totaled
915,UZK-7988,Van,Active
916,JSE-4243,Van,Active
917,JYB-2547,Truck,Sold
918,FWR-4222,Truck,Active
919,DBK-9274,Van,Active
920,GRW-0552,Van,Active
921,RFR-4106,Van,Active
922,OKE-0885,Car,Totaled
923,JPJ-9297,Van,Totaled
924,DXP-0281,Van,Active
925,MTH-7515,Truck,Sold
926,UGS-8343,Truck,Active
927,ROV-1863,Van,Active
928,TTQ-0562,Car,Active
929,LML-0455,Van,Active
930,RCG-7674,Truck,Totaled
931,NXN-2991,Truck,Active
932,JPQ-5196,Truck,Active
933,NUI-6287,Car,Sold
934,YEG-2648,Van,Active
935,JSJ-7873,Truck,Active
936,EIJ-7146,Truck,Active
937,WUH-0147,Truck,Sold
938,XLS-7964,Car,Totaled
939,PWD-5890,Van,Active
940,SBE-5725,Truck,Active
941,ILN-5044,Car,Totaled
942,CQG-2192,Car,Active
943,KVZ-4451,Car,Sold
944,LEA-2845,Van,Active
945,KFD-3283,Truck,Sold
946,TWQ-8816,Van,Active
947,DEA-7545,Truck,Active
948,TQY-5240,Car,Active
949,HEW-2342,Truck,Active
950,CNW-1107,Van,Active
951,GDB-8907,Truck,Active
952,BCJ-0119,Truck,Sold
953,GFV-5012,Car,Active
954,SLL-2893,Car,Sold
955,CDS-0833,Van,Active
956,YRA-1387,Van,Totaled
957,SFO-1256,Van,Active
958,QHN-1517,Truck,Sold
959,EPY-5480,Truck,Active
960,PDM-4794,Car,Active
961,HRN-4631,Van,Totaled
962,LFA-7167,Car,Totaled
963,VCD-2669,Truck,Totaled
964,FCL-3539,Van,Active
965,HNX-7499,Van,Totaled
966,MLP-9678,Van,Active
967,YOD-1477,Truck,Totaled
968,EAD-0170,Truck,Active
969,TVK-2499,Truck,Active
970,VYQ-7734,Car,Active
971,PQI-8588,Truck,Active
972,NDM-7567,Van,Active
973,BFR-4276,Truck,Active
974,WMP-1978,Car,Sold
975,SPP-8280,Van,Active
976,PSM-9545,Truck,Active
977,SBE-5590,Car,Active
978,MDN-5565,Truck,Totaled
979,HHH-4911,Van,Active
980,KFA-8507,Car,Active
981,SQN-4079,Truck,Active
982,MSM-5917,Truck,Totaled
983,VGK-7852,Car,Active
984,LNG-7183,Van,Active
985,BJS-6391,Car,Sold
986,DSK-4198,Van,Active
987,GLZ-1484,Van,Totaled
988,RKG-6649,Car,Active
989,VYR-2082,Car,Active
990,GVX-7489,Van,Sold
991,XUB-8357,Truck,Active
992,EXV-4665,Truck,Totaled
993,GNI-4249,Truck,Active
994,HDE-3034,Van,Active
995,RNN-0324,Truck,Active
996,IZZ-4820,Car,Active
997,ZAB-1594,Truck,Active
998,LVV-1623,Truck,Sold
999,XQD-8984,Van,Active
1000,HTD-5596,Car,Totaled
1001,HNG-2123,Van,Active
1002,NIS-0785,Car,Active
1003,KRN-7342,Van,Active
1004,WLJ-0900,Car,Totaled
1005,HIR-6451,Car,Active
1006,OMA-6441,Truck,Active
1007,GFO-5604,Truck,Active
1008,PXN-5612,Car,Active
1009,QCL-6985,Van,Totaled
1010,AYB-2720,Van,Active
1011,UJK-9112,Truck,Sold
1012,WYU-2965,Van,Active
1013,XEI-2954,Truck,Active
1014,NLF-6693,Truck,Active
1015,RUT-3173,Van,Totaled
1016,FBM-9694,Truck,Active
1017,LFS-1086,Van,Totaled
1018,PDH-3344,Car,Active
1019,MEN-3934,Car,Totaled
1020,GNF-6204,Van,Active
1021,TOH-5971,Truck,Active
1022,EKW-6366,Car,Sold
1023,ICD-8005,Truck,Active
1024,LTV-9004,Car,Sold
1025,MJM-5280,Car,Active
1026,IFQ-7572,Truck,Active
1027,WQN-2415,Truck,Active
1028,PIX-5644,Car,Active
1029,QKN-2572,Car,Totaled
1030,UZO-0320,Truck,Active
1031,BPI-2761,Van,Active
1032,OLW-8777,Truck,Totaled
1033,EDL-1342,Truck,Totaled
1034,QIS-9390,Car,Sold
1035,FNC-3715,Truck,Active
1036,VVD-6591,Van,Active
1037,ACO-7749,Car,Active
1038,KBU-9759,Truck,Active
1039,BZU-4501,Car,Sold
1040,MCM-4236,Truck,Active
1041,GFM-6421,Van,Active
1042,ZNX-4925,Car,Active
1043,LQG-7767,Van,Sold
1044,TNC-6592,Van,Totaled
1045,NCB-8573,Car,Totaled
1046,WEP-8814,Van,Active
1047,CZP-4224,Truck,Sold
1048,NJS-0810,Car,Active
1049,QNN-1794,Van,Active
1050,SCY-8017,Truck,Active
1051,MBC-6459,Car,Active
1052,YVO-9452,Truck,Active
1053,CXT-4168,Truck,Active
1054,MDA-2776,Car,Totaled
1055,TXP-4995,Car,Totaled
1056,WVM-4122,Truck,Active
1057,DAW-3037,Car,Active
1058,UHN-8314,Van,Active
1059,PNA-1227,Van,Active
1060,AOS-3349,Van,Active
1061,KAD-6679,Car,Totaled
1062,RJB-7678,Car,Totaled
1063,TVP-3080,Van,Sold
1064,KRC-4671,Van,Sold
1065,ULO-6024,Car,Active
1066,PLO-3839,Car,Active
1067,TWV-7246,Van,Totaled
1068,UXL-7293,Van,Totaled
1069,XCV-7223,Truck,Sold
1070,PDZ-6743,Truck,Sold
1071,BAL-4522,Car,Active
1072,ZCK-6193,Truck,Sold
1073,HPI-5508,Van,Active
1074,WQT-1077,Truck,Active
1075,ZTT-1808,Truck,Active
1076,UDG-5247,Car,Active
1077,XDE-5521,Truck,Active
1078,NYY-0375,Van,Sold
1079,FCI-5653,Truck,Sold
1080,NZH-2666,Van,Sold
1081,ZVL-0720,Car,Sold
1082,CCK-5626,Truck,Active
1083,YBV-2908,Van,Active
1084,MVW-8455,Truck,Active
1085,QTE-6738,Car,Sold
1086,UOW-5634,Truck,Active
1087,RKM-2884,Truck,Active
1088,QRJ-8520,Truck,Sold
1089,SIH-4681,Car,Active
1090,LIU-8510,Car,Active
1091,OJS-0753,Car,Sold
1092,SWU-8935,Van,Active
1093,VZW-9268,Car,Active
1094,DKQ-9357,Truck,Active
1095,WNN-1106,Truck,Active
1096,GOC-5869,Car,Sold
1097,YMI-9767,Car,Active
1098,XNF-2827,Car,Active
1099,EWQ-8137,Van,Active
1100,XFR-5196,Truck,Active
1101,LSJ-0821,Van,Active
1102,LJJ-7022,Car,Active
1103,BJJ-3270,Truck,Sold
1104,LCB-6794,Car,Active
1105,KZM-7922,Car,Totaled
1106,OYO-7251,Car,Totaled
1107,TNM-3658,Truck,Totaled
1108,OXI-1209,Car,Totaled
1109,JRU-1813,Car,Sold
1110,SYB-9837,Car,Active
1111,DVR-2043,Truck,Totaled
1112,SOC-8956,Car,Active
1113,PAK-6260,Car,Active
1114,MIC-1182,Van,Active
1115,FIY-1246,Car,Active
1116,BTK-2004,Van,Active
1117,KEN-5461,Truck,Active
1118,HYT-9378,Car,Active
1119,DIB-5786,Truck,Active
1120,ANU-3048,Car,Totaled
1121,DHY-8249,Van,Active
1122,CUQ-3258,Truck,Active
1123,RNR-7007,Car,Active
1124,UFA-0749,Van,Totaled
1125,MLU-3984,Truck,Active
1126,XRS-1416,Car,Active
1127,EXR-4639,Car,Active
1128,VKU-4743,Car,Active
1129,KGO-9502,Car,Active
1130,TPA-0268,Car,Totaled
1131,PYM-8118,Truck,Totaled
1132,OVD-5695,Van,Active
1133,YZW-0175,Truck,Active
1134,AHX-0453,Truck,Sold
1135,UJZ-3375,Truck,Active
1136,PWW-9303,Car,Active
1137,DIS-8728,Truck,Totaled
1138,XSV-9921,Car,Active
1139,XCE-4938,Car,Active
1140,GVA-8948,Van,Active
1141,NUV-0566,Van,Active
1142,VQO-7580,Car,Active
1143,BIN-8750,Van,Active
1144,KCS-0361,Truck,Active
1145,FKJ-1107,Van,Active
1146,SZU-5431,Van,Active
1147,KBK-8319,Car,Active
1148,YDU-7911,Truck,Active
1149,MKW-1207,Truck,Active
1150,TUN-1108,Truck,Active
1151,MMD-9639,Car,Sold
1152,AOM-7699,Truck,Active
1153,UVZ-0785,Car,Active
1154,DDA-9193,Car,Active
1155,UQI-5679,Van,Active
1156,HEZ-0024,Car,Active
1157,QUY-5498,Truck,Active
1158,PJT-5450,Car,Sold
1159,VVE-0388,Truck,Active
1160,LGG-3153,Car,Active
1161,WWO-9599,Van,Sold
1162,JNK-2170,Van,Active
1163,AUH-3793,Truck,Active
1164,XYK-6362,Truck,Active
1165,ACL-0812,Van,Active
1166,GUS-5003,Truck,Active
1167,FHI-2583,Truck,Active
1168,AFI-1026,Car,Active
1169,KGJ-7355,Car,Active
1170,QZT-6112,Truck,Active
1171,GRM-5596,Car,Active
1172,BYT-9384,Truck,Active
1173,HBU-4289,Van,Active
1174,XCZ-7912,Car,Active
1175,YUY-8578,Van,Active
1176,KWL-8777,Van,Sold
1177,MUZ-9033,Truck,Active
1178,HMG-4669,Truck,Active
1179,IRC-2147,Car,Active
1180,HSB-7895,Van,Active
1181,ONN-5754,Van,Active
1182,FOH-4151,Van,Sold
1183,QRU-1431,Truck,Active
1184,LBR-3535,Van,Active
1185,XYV-4392,Car,Totaled
1186,RIA-4456,Van,Sold
1187,YUA-7826,Truck,Active
1188,XXG-7389,Car,Active
1189,XOK-1536,Car,Active
1190,GOO-8052,Car,Active
1191,JXA-7553,Van,Active
1192,VYM-8459,Truck,Sold
1193,ZBE-2599,Car,Sold
1194,MMG-6186,Truck,Active
1195,DKS-7412,Truck,Totaled
1196,RFB-9702,Truck,Active
1197,MJG-3481,Van,Active
1198,LQA-2566,Truck,Active
1199,ERN-7163,Truck,Active
1200,JNW-7299,Van,Sold
1201,GQW-7430,Truck,Active
1202,CMT-3859,Van,Active
1203,OSB-1475,Car,Totaled
1204,ZJM-9263,Truck,Sold
1205,XNO-6291,Van,Totaled
1206,BHF-4841,Car,Totaled
1207,XGP-6815,Truck,Active
1208,QYY-5672,Van,Active
1209,QBO-0176,Van,Totaled
1210,MGM-0041,Car,Active
1211,KVX-7771,Truck,Sold
1212,VHW-7274,Truck,Active
1213,ATD-2418,Car,Active
1214,FCV-0427,Van,Active
1215,GWB-8370,Car,Sold
1216,UVW-1647,Truck,Sold
1217,ABY-6335,Truck,Active
1218,CAN-0053,Car,Totaled
1219,CHD-2206,Car,Active
1220,KKR-3938,Van,Active
1221,DHG-1552,Truck,Active
1222,UKA-6373,Truck,Totaled
1223,IUT-5013,Van,Active
1224,YTP-1892,Van,Active
1225,TKU-6252,Car,Totaled
1226,KVP-1509,Car,Active
1227,MQU-3890,Truck,Active
1228,TYD-4363,Car,Active
1229,BEL-7432,Van,Active
1230,UBH-9752,Van,Active
1231,UZY-0864,Truck,Active
1232,XKK-3380,Car,Active
1233,ZVW-3968,Van,Active
1234,OUA-1713,Truck,Totaled
1235,EGE-1298,Truck,Active
1236,QCN-7423,Truck,Active
1237,FTH-4497,Car,Active
1238,IZP-1566,Truck,Active
1239,ONQ-9627,Truck,Active
1240,NCY-4982,Car,Totaled
1241,FIM-7474,Van,Sold
1242,TPC-5273,Truck,Active
1243,AAQ-5766,Van,Totaled
1244,LMP-4916,Truck,Active
1245,MSF-3645,Car,Totaled
1246,PUW-5066,Car,Active
1247,HPB-5024,Car,Active
1248,VEI-3992,Truck,Active
1249,YCU-6691,Car,Active
1250,NFN-4488,Car,Active
1251,SJX-6119,Van,Active
1252,IXG-6402,Van,Active
1253,DCY-6864,Car,Active
1254,FFL-2237,Truck,Sold
1255,DOS-3230,Car,Active
1256,ZYG-4679,Truck,Totaled
1257,FCJ-1614,Truck,Active
1258,ASH-7710,Truck,Active
1259,YAV-9013,Car,Active
1260,MTQ-4775,Car,Active
1261,KLV-5535,Car,Active
1262,MTB-5510,Van,Totaled
1263,MXE-0918,Van,Totaled
1264,YHL-7978,Van,Totaled
1265,GAU-5050,Car,Active
1266,VOH-9769,Truck,Active
1267,NPV-1649,Truck,Totaled
1268,EQS-8027,Truck,Active
1269,VRO-2717,Car,Sold
1270,HHG-2116,Car,Active
1271,FKM-4347,Car,Active
1272,VER-7153,Car,Sold
1273,CUK-6686,Truck,Active
1274,IDJ-1115,Car,Sold
1275,GXD-9525,Van,Sold
1276,XAJ-0983,Van,Active
1277,KYL-2899,Truck,Active
1278,MAR-7524,Truck,Active
1279,VOE-9420,Car,Active
1280,JQW-1497,Car,Active
1281,PJW-6052,Car,Active
1282,XZH-0276,Van,Totaled
1283,FAR-6567,Van,Active
1284,MCQ-4438,Van,Active
1285,EKY-9047,Car,Active
1286,SEO-7423,Truck,Totaled
1287,GXU-0591,Car,Active
1288,MNV-2015,Van,Active
1289,BDQ-5962,Car,Totaled
1290,MHB-1367,Van,Totaled
1291,TFU-6176,Van,Totaled
1292,UOL-0111,Truck,Active
1293,UVQ-3099,Car,Active
1294,IWX-1926,Van,Totaled
1295,WNJ-9215,Truck,Totaled
1296,ZRF-6068,Car,Sold
1297,PCQ-9813,Car,Active
1298,FTW-2087,Van,Active
1299,BES-3218,Van,Active
1300,CDQ-4582,Van,Totaled
1301,AHJ-0848,Van,Active
1302,SPW-5859,Car,Sold
1303,GWD-0303,Truck,Active
1304,GET-8395,Van,Active
1305,XTN-1844,Van,Totaled
1306,FMO-1462,Car,Active
1307,CUX-4359,Car,Totaled
1308,QTF-6256,Van,Active
1309,THC-4181,Car,Sold
1310,NCK-1554,Truck,Active
1311,IAD-6361,Truck,Active
1312,QXJ-9718,Van,Totaled
1313,SJR-4910,Truck,Active
1314,YMF-5889,Van,Active
1315,SEI-0822,Truck,Active
1316,SXI-0539,Van,Totaled
1317,OFO-5784,Van,Active
1318,QWH-4146,Van,Active
1319,UCC-3129,Truck,Active
1320,XJR-7068,Car,Active
1321,PPQ-8160,Car,Active
1322,XAW-6853,Car,Totaled
1323,QVT-0972,Car,Sold
1324,HFC-5285,Truck,Active
1325,PMF-5153,Car,Active
1326,JJP-4430,Car,Totaled
1327,SMG-4807,Car,Active
1328,BLA-9754,Van,Active
1329,ALX-2650,Truck,Active
1330,PGC-8826,Truck,Active
1331,AEY-4376,Van,Active
1332,LNF-8417,Car,Active
1333,FEL-6053,Truck,Active
1334,JBE-6650,Truck,Totaled
1335,GPV-4167,Car,Active
1336,ZVW-2568,Car,Totaled
1337,MED-1022,Van,Sold
1338,AYV-3056,Car,Totaled
1339,ANP-4471,Van,Active
1340,TEX-8234,Truck,Active
1341,WHV-6371,Car,Totaled
1342,QTF-3923,Truck,Active
1343,MBI-3260,Car,Active
1344,CBM-6843,Truck,Active
1345,NPB-8604,Truck,Active
1346,LIL-6350,Truck,Active
1347,ABV-5347,Van,Sold
1348,DNF-4755,Van,Active
1349,DVA-8255,Car,Active
1350,XYS-8953,Car,Active
1351,GSM-1129,Truck,Active
1352,SUG-3711,Car,Sold
1353,KJX-7382,Truck,Active
1354,GNR-4855,Van,Totaled
1355,WDN-1768,Car,Active
1356,FTI-2409,Truck,Totaled
1357,GXM-7881,Truck,Active
1358,YQM-8669,Van,Active
1359,FAF-9390,Car,Active
1360,QWX-8443,Van,Totaled
1361,IRD-2308,Truck,Active
1362,BUE-4240,Car,Active
1363,GRD-0595,Van,Active
1364,WRI-2694,Van,Active
1365,UAL-3424,Truck,Sold
1366,VYY-9164,Car,Totaled
1367,TRG-7354,Truck,Sold
1368,UZY-6273,Car,Totaled
1369,NLE-7172,Van,Active
1370,FGS-7240,Van,Active
1371,FMV-9312,Truck,Active
1372,HOU-6182,Car,Active
1373,TDM-6010,Car,Active
1374,EHY-1429,Truck,Active
1375,ZDR-5132,Van,Sold
1376,OFJ-5723,Truck,Sold
1377,WIU-8100,Truck,Sold
1378,JDQ-6203,Truck,Active
1379,NME-5436,Car,Totaled
1380,DPF-1314,Van,Active
1381,TKD-5109,Truck,Active
1382,NQK-9262,Car,Totaled
1383,JTJ-5147,Car,Active
1384,IZW-1022,Van,Active
1385,MOX-7119,Van,Totaled
1386,IEC-5226,Van,Active
1387,PNP-6952,Car,Active
1388,MNR-7887,Car,Sold
1389,HMC-9689,Car,Totaled
1390,HWC-3503,Truck,Active
1391,RPE-1055,Truck,Active
1392,OER-6333,Truck,Totaled
1393,EDW-2606,Van,Active
1394,WDV-9179,Truck,Active
1395,ELE-1310,Car,Active
1396,EYF-7284,Van,Active
1397,XKO-0412,Truck,Totaled
1398,BTY-2820,Van,Active
1399,VOR-4984,Car,Active
1400,NFI-1862,Car,Active
1401,MTB-3628,Car,Active
1402,WOP-5662,Truck,Active
1403,UNG-4111,Van,Sold
1404,YKA-3428,Truck,Active
1405,GTA-4383,Car,Active
1406,HIC-9909,Van,Active
1407,BKC-4054,Van,Sold
1408,GKY-6521,Van,Active
1409,XQD-8209,Van,Active
1410,SBJ-2271,Car,Active
1411,WHG-2288,Car,Sold
1412,UQY-5725,Van,Active
1413,TNB-6339,Car,Active
1414,ESU-7102,Van,Sold
1415,ZZC-7175,Truck,Active
1416,FCI-9551,Truck,Active
1417,WYO-4747,Car,Active
1418,DSP-0546,Van,Sold
1419,VEO-5895,Van,Active
1420,VNQ-7409,Car,Active
1421,XZH-8021,Van,Active
1422,FSM-1367,Car,Active
1423,LOO-8711,Truck,Totaled
1424,DMY-6365,Truck,Active
1425,KTP-3714,Van,Active
1426,REP-2359,Truck,Sold
1427,YMB-5673,Truck,Active
1428,AYV-6442,Truck,Active
1429,CIM-1476,Car,Active
1430,VIF-0165,Van,Active
1431,GLN-7782,Car,Active
1432,LWS-6089,Truck,Active
1433,XVS-9255,Truck,Active
1434,OEP-5164,Car,Totaled
1435,AOE-7910,Truck,Totaled
1436,GNW-8296,Truck,Active
1437,GGV-9055,Truck,Active
1438,JQD-7766,Van,Active
1439,RNQ-5127,Van,Active
1440,FRT-2866,Van,Totaled
1441,WVN-4911,Truck,Active
1442,UAT-6179,Car,Active
1443,UOQ-9046,Truck,Active
1444,YOR-6137,Truck,Active
1445,ZON-6053,Car,Active
1446,IVI-4630,Van,Active
1447,AAE-5895,Van,Active
1448,SNH-8639,Car,Active
1449,BZS-6262,Van,Active
1450,QFN-3128,Truck,Totaled
1451,SZM-4825,Truck,Active
1452,CAN-0920,Car,Totaled
1453,RCS-6027,Car,Totaled
1454,YLF-3343,Car,Active
1455,XYZ-6404,Truck,Active
1456,UAU-9117,Car,Active
1457,DEJ-4211,Van,Active
1458,GMD-7061,Van,Totaled
1459,CGV-6657,Truck,Active
1460,JAF-9901,Van,Active
1461,PTT-8028,Car,Active
1462,DGT-0808,Car,Active
1463,GLD-3052,Truck,Active
1464,XWE-4473,Truck,Active
1465,WRU-4776,Car,Active
1466,GIF-3461,Car,Sold
1467,JFZ-3767,Van,Sold
1468,XIK-9196,Van,Active
1469,SLL-1720,Car,Active
1470,SNJ-9856,Truck,Active
1471,FZK-6253,Truck,Active
1472,VLL-2510,Van,Totaled
1473,AWK-3795,Truck,Sold
1474,CMJ-9383,Truck,Sold
1475,IWT-1966,Van,Active
1476,GGB-7704,Van,Active
1477,DOF-9596,Truck,Sold
1478,AJA-9074,Truck,Active
1479,BRQ-0501,Van,Active
1480,ZNX-4455,Van,Active
1481,RYK-7906,Van,Totaled
1482,OPU-1591,Truck,Active
1483,BAE-1563,Truck,Active
1484,GXZ-5800,Van,Active
1485,DBJ-1459,Van,Active
1486,WFE-9712,Van,Active
1487,YSN-7188,Truck,Sold
1488,PVP-4573,Truck,Active
1489,YJW-1583,Car,Totaled
1490,XGW-1170,Truck,Active
1491,VGO-6371,Van,Active
1492,SYQ-8547,Car,Active
1493,QDE-3567,Car,Sold
1494,GYM-3146,Truck,Totaled
1495,JSU-1271,Car,Active
1496,HAO-2407,Car,Sold
1497,OLI-1815,Van,Active
1498,EMQ-6850,Van,Active
1499,LDB-6634,Truck,Active
1500,FTI-8978,Van,Active
1501,VBU-3131,Truck,Active
1502,SIH-1814,Truck,Sold
1503,WWM-6613,Car,Totaled
1504,IPG-2354,Car,Sold
1505,JXA-1289,Van,Totaled
1506,JWH-2512,Truck,Active
1507,OEA-7650,Truck,Active
1508,CFV-0957,Car,Active
1509,PHP-1009,Car,Active
1510,HQQ-2211,Van,Totaled
1511,KOP-5847,Van,Active
1512,OAL-4589,Van,Active
1513,IVQ-0263,Car,Active
1514,LPA-3965,Truck,Totaled
1515,CGM-1487,Car,Active
1516,IVL-5696,Van,Active
1517,GBS-8591,Van,Active
1518,SZZ-5410,Van,Totaled
1519,EOV-2849,Car,Totaled
1520,FJP-4140,Van,Active
1521,GJS-1074,Truck,Active
1522,LVA-0425,Van,Sold
1523,VYR-2142,Car,Active
1524,NSC-4307,Van,Active
1525,ZVU-6661,Van,Active
1526,TJF-9659,Truck,Totaled
1527,YGI-2683,Van,Active
1528,CJS-7826,Van,Active
1529,EQO-5857,Van,Active
1530,ONN-7080,Van,Active
1531,YET-4398,Van,Active
1532,TRS-4062,Van,Totaled
1533,AOZ-8701,Truck,Active
1534,UDK-9149,Van,Totaled
1535,KBD-9803,Car,Active
1536,RXP-2324,Car,Active
1537,XAZ-7931,Truck,Active
1538,ETD-8133,Truck,Active
1539,AQO-6014,Van,Active
1540,FHR-4979,Truck,Active
1541,EUA-2232,Car,Totaled
1542,WRG-7744,Car,Active
1543,SPL-4661,Van,Active
1544,NEA-4719,Van,Active
1545,SJB-9705,Truck,Active
1546,XOI-0258,Car,Active
1547,LWQ-6812,Car,Active
1548,LUX-9572,Van,Totaled
1549,JMC-7679,Car,Active
1550,SWQ-8425,Car,Sold
1551,LST-6100,Car,Active
1552,HDV-1775,Truck,Totaled
1553,ZHD-2661,Truck,Sold
1554,IDB-1759,Car,Active
1555,FKD-7629,Car,Active
1556,GIP-7433,Car,Active
1557,NQZ-3190,Car,Totaled
1558,DGB-2056,Car,Sold
1559,CKF-8733,Car,Active
1560,QLL-9821,Van,Active
1561,UMC-9128,Van,Active
1562,DPH-0985,Truck,Active
1563,JIM-5124,Truck,Sold
1564,SHQ-9846,Car,Active
1565,RWD-9740,Truck,Active
1566,NIG-5023,Car,Totaled
1567,KYV-0371,Car,Sold
1568,WYZ-0516,Car,Totaled
1569,TCR-7240,Truck,Active
1570,PQH-5674,Truck,Active
1571,BAY-3896,Car,Totaled
1572,XAR-7066,Car,Active
1573,NWN-8217,Truck,Sold
1574,LLG-5603,Truck,Active
1575,SAH-6890,Truck,Totaled
1576,HBC-0272,Van,Active
1577,KLT-3429,Van,Active
1578,VDV-1148,Truck,Active
1579,WXL-3745,Car,Active
1580,UHQ-4588,Truck,Active
1581,LNW-9741,Truck,Active
1582,QHJ-8315,Car,Active
1583,BHW-7710,Van,Active
1584,IIS-6410,Van,Sold
1585,MPA-6670,Truck,Active
1586,MFV-6804,Truck,Sold
1587,YLA-9549,Truck,Active
1588,KXT-6601,Car,Active
1589,XVJ-8769,Car,Sold
1590,YQI-2673,Truck,Active
1591,IZV-4138,Van,Active
1592,SMB-9454,Car,Active
1593,ZUZ-9014,Car,Totaled
1594,KIF-7707,Truck,Active
1595,BLP-8360,Car,Active
1596,ITR-5172,Van,Active
1597,IPE-3229,Car,Active
1598,HDU-0287,Car,Active
1599,BRW-3044,Truck,Totaled
1600,LRW-0935,Truck,Active
1601,QOD-8133,Van,Sold
1602,LVN-1642,Truck,Active
1603,TZL-5657,Van,Sold
1604,AFL-0429,Truck,Active
1605,TGZ-5889,Car,Active
1606,GMS-0261,Truck,Active
1607,SQS-8681,Car,Active
1608,TPV-8875,Van,Active
1609,SJH-5353,Van,Active
1610,XDW-3765,Truck,Active
1611,RQC-5793,Van,Active
1612,HSE-8369,Car,Active
1613,TIZ-4551,Truck,Active
1614,NQE-9732,Van,Active
1615,FDN-4871,Truck,Active
1616,NAW-2128,Car,Active
1617,NLE-6834,Truck,Active
1618,KST-9101,Car,Active
1619,ONU-7647,Car,Active
1620,XFX-9812,Truck,Sold
1621,SLV-7657,Truck,Sold
1622,XSI-1347,Van,Active
1623,SQQ-9864,Van,Active
1624,KYF-2036,Car,Active
1625,STK-1542,Truck,Active
1626,IPO-3244,Car,Active
1627,HVI-2138,Car,Active
1628,ATB-8830,Van,Active
1629,LGJ-9678,Truck,Active
1630,JDW-1767,Van,Active
1631,EIX-1513,Car,Active
1632,KFQ-5478,Car,Active
1633,WWK-0618,Van,Active
1634,RVU-0032,Car,Active
1635,HVG-4727,Truck,Totaled
1636,PJE-3183,Truck,Active
1637,CPR-9320,Van,Totaled
1638,ITM-9357,Car,Totaled
1639,FJH-4776,Car,Active
1640,RPJ-1314,Van,Active
1641,KHV-6127,Van,Totaled
1642,DLW-6277,Car,Active
1643,VHA-4483,Van,Active
1644,RYK-4566,Van,Active
1645,MIB-4735,Car,Active
1646,JON-3928,Truck,Totaled
1647,DTT-5298,Truck,Totaled
1648,AZM-1558,Truck,Totaled
1649,BQG-5832,Car,Active
1650,WHJ-2556,Truck,Sold
1651,XHA-0081,Car,Active
1652,ZPB-2440,Truck,Totaled
1653,YWH-0416,Car,Active
1654,EXI-1118,Car,Totaled
1655,YXN-0089,Truck,Active
1656,XSZ-6394,Van,Active
1657,QXA-4473,Truck,Active
1658,USP-6461,Truck,Active
1659,RIP-4883,Van,Active
1660,PXM-5817,Truck,Sold
1661,AMY-3757,Car,Active
1662,UJK-2118,Truck,Active
1663,PSH-1269,Van,Sold
1664,XSY-3074,Van,Active
1665,XKE-0599,Van,Active
1666,IWG-8787,Van,Totaled
1667,HKO-7881,Truck,Active
1668,WCM-2028,Car,Active
1669,FGO-1067,Truck,Totaled
1670,ZQP-2866,Truck,Active
1671,DNJ-4859,Van,Sold
1672,UFE-4839,Car,Active
1673,QTI-7735,Car,Totaled
1674,EFQ-7056,Truck,Active
1675,PCA-4331,Car,Active
1676,KDB-9792,Truck,Active
1677,URH-5034,Van,Active
1678,SXJ-5964,Car,Sold
1679,UVG-1921,Car,Active
1680,IFI-9128,Car,Totaled
1681,YMK-9994,Car,Sold
1682,VPG-2033,Truck,Sold
1683,EEF-7051,Truck,Active
1684,QZO-6754,Car,Active
1685,HRM-6675,Van,Sold
1686,KQC-9324,Car,Active
1687,NRO-7418,Van,Totaled
1688,LFA-5756,Truck,Sold
1689,RGM-5203,Van,Active
1690,QGA-9451,Van,Active
1691,QAT-4047,Van,Active
1692,WWI-4090,Car,Active
1693,TUO-7278,Truck,Active
1694,LAT-2221,Van,Active
1695,BOU-0518,Van,Active
1696,UTX-0552,Car,Totaled
1697,LQA-6601,Truck,Sold
1698,EXI-1270,Van,Sold
1699,GWQ-6204,Van,Sold
1700,LDK-7919,Van,Active
1701,DCF-1259,Car,Active
1702,YFZ-0357,Truck,Totaled
1703,HJV-3240,Van,Totaled
1704,JFI-2956,Truck,Active
1705,IGF-4474,Truck,Active
1706,LSL-5872,Truck,Sold
1707,MER-9365,Car,Totaled
1708,ZJG-5884,Truck,Sold
1709,YGI-3740,Truck,Sold
1710,VUF-7279,Van,Active
1711,SMV-9051,Car,Active
1712,AFN-7551,Truck,Active
1713,JFO-8207,Car,Active
1714,SSW-6673,Van,Totaled
1715,LTK-7640,Truck,Sold
1716,DNN-4969,Truck,Active
1717,QFJ-9839,Truck,Active
1718,VKZ-0142,Van,Active
1719,MFO-0232,Van,Active
1720,CFH-3613,Truck,Totaled
1721,RYL-0725,Truck,Active
1722,RVM-3767,Car,Active
1723,YDM-2526,Van,Active
1724,VXN-9681,Van,Active
1725,VXS-0392,Truck,Active
1726,LKQ-0996,Truck,Totaled
1727,HEP-3034,Van,Active
1728,KMU-2624,Van,Active
1729,VPB-4622,Van,Totaled
1730,QDO-1516,Truck,Active
1731,KES-8670,Van,Totaled
1732,VMN-0464,Car,Totaled
1733,DTZ-7857,Car,Active
1734,RLD-2686,Car,Active
1735,EAK-9438,Car,Totaled
1736,ONB-7401,Van,Active
1737,LBT-5465,Car,Active
1738,YAR-4245,Van,Active
1739,OKJ-0915,Car,Active
1740,RXM-3218,Truck,Active
1741,XEU-7645,Van,Totaled
1742,THX-8970,Truck,Active
1743,LBE-9168,Car,Active
1744,KUX-4660,Truck,Totaled
1745,IXU-1613,Car,Active
1746,JTQ-8305,Car,Active
1747,GYN-4248,Car,Active
1748,TMF-4406,Truck,Active
1749,ZNV-2447,Car,Totaled
1750,KDH-3053,Truck,Sold
1751,JXW-9796,Car,Sold
1752,KRM-7805,Van,Active
1753,LOE-7738,Car,Active
1754,VMI-6091,Car,Active
1755,RLC-3854,Van,Active
1756,OVO-0299,Truck,Sold
1757,LSN-6048,Car,Active
1758,HMR-2691,Truck,Active
1759,GGD-9422,Car,Active
1760,RNL-3694,Van,Active
1761,UDV-5888,Van,Active
1762,MPY-7472,Truck,Active
1763,JAR-5721,Van,Sold
1764,UNN-6309,Truck,Active
1765,TTQ-1996,Truck,Active
1766,THF-9715,Truck,Totaled
1767,TZU-6883,Truck,Active
1768,LXH-2735,Truck,Active
1769,CAG-9773,Car,Sold
1770,OHZ-2781,Car,Active
1771,FHO-1006,Car,Active
1772,MCZ-6481,Car,Sold
1773,URW-0770,Van,Active
1774,XYB-5687,Van,Active
1775,DEI-9125,Van,Totaled
1776,KEH-7341,Van,Totaled
1777,WCO-7345,Van,Totaled
1778,OKZ-7494,Car,Active
1779,YEE-8403,Van,Sold
1780,LWJ-4294,Van,Totaled
1781,OVJ-2229,Van,Active
1782,IUH-0394,Truck,Sold
1783,AIL-8867,Car,Active
1784,LUE-9858,Van,Active
1785,PUF-8727,Van,Active
1786,VCK-3433,Truck,Active
1787,TYX-1357,Van,Sold
1788,UAX-8335,Car,Active
1789,MUD-5814,Car,Sold
1790,XRC-0798,Truck,Active
1791,IZX-2337,Truck,Active
1792,TIR-4131,Truck,Sold
1793,JBG-3399,Van,Active
1794,DRZ-0513,Van,Active
1795,OCP-3189,Truck,Sold
1796,PJS-0961,Car,Active
1797,YUG-9970,Van,Active
1798,TIP-2587,Car,Active
1799,UJI-8354,Car,Sold
1800,QJU-7127,Truck,Active
1801,QPP-2216,Car,Active
1802,DOK-8231,Truck,Active
1803,JQJ-5871,Car,Active
1804,TGS-2523,Van,Active
1805,FTV-2587,Car,Sold
1806,ZNY-4347,Van,Active
1807,EJK-5574,Van,Sold
1808,MYN-0606,Van,Totaled
1809,ZEO-4033,Car,Totaled
1810,IJL-0566,Van,Sold
1811,RXG-3987,Van,Active
1812,CHF-5797,Truck,Totaled
1813,MWW-7349,Car,Active
1814,BDB-5485,Van,Active
1815,DPE-1562,Truck,Sold
1816,JSG-8173,Van,Sold
1817,RYV-4884,Car,Active
1818,EYY-1557,Car,Active
1819,FKO-3755,Truck,Totaled
1820,WII-9021,Car,Active
1821,NMZ-7080,Car,Active
1822,ASN-0858,Van,Active
1823,SKU-1191,Car,Active
1824,RFZ-8197,Car,Totaled
1825,GYC-6477,Car,Active
1826,UKC-2957,Car,Totaled
1827,XNA-6940,Car,Active
1828,AAH-5624,Truck,Sold
1829,VYK-8739,Van,Totaled
1830,SEG-2342,Truck,Active
1831,RTB-2851,Van,Active
1832,HVG-3426,Van,Active
1833,GYL-0271,Van,Active
1834,OXX-3607,Van,Active
1835,GGY-6911,Truck,Sold
1836,SXQ-1231,Van,Totaled
1837,TLX-5633,Truck,Sold
1838,LPI-8170,Truck,Active
1839,ZNM-1554,Truck,Active
1840,UJH-1670,Van,Totaled
1841,UKB-2329,Truck,Active
1842,QEE-7009,Truck,Totaled
1843,VJL-9626,Truck,Active
1844,QEX-2512,Truck,Active
1845,GJM-5495,Truck,Active
1846,KAP-0260,Car,Active
1847,YTX-8221,Truck,Active
1848,HCN-1177,Van,Sold
1849,OET-0477,Van,Active
1850,KVR-5917,Van,Totaled
1851,SGE-3822,Truck,Totaled
1852,CXD-6491,Truck,Active
1853,IFX-4579,Car,Sold
1854,SIY-2565,Car,Active
1855,SXB-6032,Truck,Active
1856,UBZ-3265,Truck,Sold
1857,PPL-3967,Truck,Active
1858,TIR-7148,Van,Active
1859,FIK-7871,Car,Active
1860,YQI-1560,Car,Active
1861,DHO-1184,Truck,Active
1862,JON-8182,Van,Sold
1863,GEV-3035,Car,Sold
1864,YES-8808,Van,Sold
1865,HWQ-2521,Car,Active
1866,UUT-3289,Van,Active
1867,IBM-4686,Van,Active
1868,KEX-4014,Car,Sold
1869,VJG-9910,Van,Active
1870,EPF-3626,Van,Sold
1871,GHL-1342,Van,Active
1872,XXS-2372,Car,Active
1873,YKA-1848,Truck,Totaled
1874,TPH-7418,Car,Sold
1875,OEC-5406,Van,Active
1876,UON-9274,Truck,Sold
1877,DCX-9953,Car,Active
1878,WNN-0144,Van,Totaled
1879,QKN-4510,Truck,Totaled
1880,ZPH-9739,Van,Totaled
1881,IDY-7899,Van,Sold
1882,QVM-0919,Car,Active
1883,SDD-3599,Van,Active
1884,WXB-5779,Car,Active
1885,MZU-6039,Truck,Active
1886,UKD-4607,Van,Active
1887,VLL-3470,Van,Active
1888,WUI-2388,Car,Active
1889,XMY-5271,Van,Active
1890,TRX-3541,Car,Active
1891,UMK-9726,Truck,Active
1892,WPL-5752,Truck,Active
1893,ADG-9488,Van,Sold
1894,RFM-9131,Truck,Totaled
1895,TVM-4258,Van,Active
1896,EMD-4991,Van,Active
1897,OBH-8240,Van,Active
1898,WHH-3732,Truck,Active
1899,HAT-7768,Car,Sold
1900,GNF-8969,Van,Totaled
1901,IWZ-5465,Van,Active
1902,KRL-1253,Car,Sold
1903,EDZ-8785,Truck,Sold
1904,HXL-8374,Car,Active
1905,OTO-7961,Truck,Active
1906,ROR-0572,Truck,Totaled
1907,LCX-4940,Car,Sold
1908,PNW-2637,Van,Sold
1909,WVJ-5398,Van,Active
1910,YRV-9509,Truck,Totaled
1911,YLS-1191,Car,Active
1912,XFX-3392,Truck,Active
1913,UPX-1511,Van,Sold
1914,WVM-6672,Van,Active
1915,DJL-2647,Truck,Active
1916,IMG-3515,Van,Active
1917,QIA-9080,Car,Active
1918,DFA-8005,Van,Active
1919,AZS-9512,Truck,Totaled
1920,TPF-8351,Car,Active
1921,TLS-2728,Truck,Active
1922,ATB-8144,Truck,Active
1923,VFS-8217,Truck,Sold
1924,ETK-7867,Truck,Totaled
1925,RCK-3523,Van,Active
1926,ZMB-5079,Truck,Sold
1927,CVU-5899,Car,Sold
1928,QMY-8345,Truck,Active
1929,YGJ-6666,Truck,Active
1930,APD-5879,Van,Active
1931,PZY-4080,Truck,Active
1932,JSX-9825,Car,Active
1933,RAB-4635,Car,Active
1934,VNX-8828,Van,Totaled
1935,WBG-1723,Car,Active
1936,CWG-7399,Truck,Active
1937,MGW-1403,Car,Active
1938,FMH-5602,Truck,Sold
1939,HTV-4694,Truck,Totaled
1940,XIN-0666,Van,Active
1941,YPI-9060,Car,Active
1942,EVW-3111,Truck,Active
1943,CFR-5246,Van,Sold
1944,JJS-4116,Truck,Active
1945,RPG-2807,Van,Active
1946,DHB-6211,Truck,Active
1947,TLO-2790,Car,Sold
1948,YGY-3509,Truck,Active
1949,KIF-5730,Van,Active
1950,EJQ-1323,Van,Totaled
1951,XOA-7139,Car,Active
1952,RFE-8501,Car,Active
1953,NQR-0925,Van,Active
1954,EDV-3060,Car,Active
1955,MYS-1309,Car,Active
1956,AUP-9649,Van,Active
1957,XHV-7945,Car,Active
1958,PEO-8532,Van,Totaled
1959,XFM-4250,Van,Active
1960,EBO-6836,Truck,Totaled
1961,LGM-6677,Van,Active
1962,OLK-5628,Truck,Active
1963,GWG-9395,Van,Sold
1964,YZN-5436,Truck,Active
1965,DRU-7496,Truck,Active
1966,GKR-2686,Truck,Active
1967,AWG-6924,Car,Totaled
1968,SYE-6932,Van,Active
1969,OHX-2759,Car,Sold
1970,XUB-1110,Truck,Active
1971,KCK-5323,Van,Active
1972,LTK-9775,Car,Active
1973,JJD-8222,Van,Active
1974,RTN-2887,Car,Active
1975,WHD-2710,Truck,Active
1976,PMP-2095,Van,Sold
1977,SFO-0795,Van,Active
1978,LCF-2946,Truck,Active
1979,ZVG-5415,Car,Active
1980,ATS-6254,Truck,Sold
1981,IQA-7520,Car,Active
1982,WJI-7650,Van,Totaled
1983,YVO-1580,Truck,Sold
1984,AXS-0463,Van,Active
1985,MBW-4655,Car,Active
1986,NWK-2548,Truck,Active
1987,JIC-7158,Truck,Active
1988,ZEZ-1312,Van,Active
1989,ESZ-3110,Car,Active
1990,XZK-9129,Car,Active
1991,UKZ-1910,Car,Active
1992,GXC-2110,Van,Totaled
1993,HGB-1658,Truck,Active
1994,GWP-9274,Car,Totaled
1995,SBO-2801,Truck,Active
1996,IER-9311,Truck,Active
1997,KYH-2694,Car,Active
1998,QUJ-3645,Car,Active
1999,QAU-4421,Truck,Active
2000,PLX-0961,Car,Totaled
